first_name;last_name;login
John;Bond;jbond
Owen;Booth;obooth
Tommy;Harmon;tharmon
Liam;Fox;lfox
Oscar;Lloyd;olloyd
Marc;Huffman;mhuffman
Bobby;Carter;bcarter
Kevin;Glover;kglover
Ryan;Chavez;rchavez
Patrick;Landry;plandry
